wallet,condition_id,suspicion_score,flags_count,wallet_usd_in_market,wallet_total_usd_across_all_markets,wallet_market_count,wallet_concentration_in_this_market,wallet_size_percentile_in_market,wallet_flow_direction,wallet_directional_pct,winner_outcome_index,wallet_net_toward_winner_usd,wallet_win_aligned,flag_fresh_wallet,flag_single_market,flag_large_first_position,flag_win_aligned_top,flag_directional,flag_early_timing,resolution_timestamp,market_total_volume_usd
0x8bfcfaeaea61291bb6002168fc3022593cd2b070,0xbfa45527ec959aacc36f7c312bd4f328171a7681ef1aeb3a7e34db5fb47d3f1d,1.0,6,30000.0,30000.0,1,1.0,93.01032565528196,BUY,1.0,0,29940.0,True,True,True,True,True,True,True,1767747663,11034069.967475
0x6ae4262882a7b2f61ab762f30416b8fd6d8aeb3f,0x7590f51f00a87c7bc60cf740f43b1ca4a97c5e9ad583cf4cf94379508d0a067b,1.0,6,93636.69853,93636.69853,1,1.0,99.46933962264151,BUY,1.0,0,92397.634628,True,True,True,True,True,True,True,1753238279,548153.149931
0xa8fac068d32639c40188563c83c206b320e57dda,0x67d7e1b3c2ad0e34e96b69da21be5a24c6d5b26d93683a255beb1c7d6079c23a,1.0,6,14559.455320000001,14559.455320000001,1,1.0,97.76536312849163,BUY,1.0,1,14557.370280000001,True,True,True,True,True,True,True,1775933139,248797.898572
0x4d3e59470cd241c4382cabbd2bfd10037cce58c7,0x5a280ba3fbf1cfaee1ca4a955d67c5ab9ed3ba10c5b0bfc7e733474cf3708f22,1.0,6,38845.26581099999,39038.64854099999,2,0.995046377443192,99.92088607594937,BUY,0.952076677316294,1,17881.530963000012,True,True,True,True,True,True,True,1746084575,337723.11494
0xc875f0ea191447bb5d8ab87db36ee83e724702bd,0x2758b209d0ce348873b100c1205c2e3c2449222f211e4e9857e29e3071a65fad,1.0,6,10901.125361999997,10901.125361999997,1,1.0,93.1686046511628,BUY,0.9473684210526315,0,7921.12537,True,True,True,True,True,True,True,1730883642,398005.11915
0x398dafc40ced1757f33a263d809f18666ba5c7c3,0x7590f51f00a87c7bc60cf740f43b1ca4a97c5e9ad583cf4cf94379508d0a067b,1.0,6,579519.6836950001,579519.6836950001,1,1.0,99.94103773584906,BUY,0.9121621621621622,0,477380.891955,True,True,True,True,True,True,True,1753238279,548153.149931
0xf310f928d137c1887d4db5b74b9a5be71d6a9f74,0xea17b1284d10617a57f910b2ea63bdef481b1724a4b899d454ff104bea67b657,1.0,6,76258.3325,76258.3325,1,1.0,96.66484417714598,BUY,1.0,0,75658.3325,True,True,True,True,True,True,True,1765158133,13950282.417654
0x389db50ede69898847961de534ad6a6d959a87ef,0xea17b1284d10617a57f910b2ea63bdef481b1724a4b899d454ff104bea67b657,1.0,6,49653.333333,49653.333333,1,1.0,94.91525423728814,BUY,0.9285714285714286,0,49327.333333,True,True,True,True,True,True,True,1765158133,13950282.417654
0xb873ceab657f080fa4f94cc3c97a7dbe5c07c521,0xea17b1284d10617a57f910b2ea63bdef481b1724a4b899d454ff104bea67b657,1.0,6,59880.0,59880.0,1,1.0,95.8447238928376,BUY,1.0,0,59734.5,True,True,True,True,True,True,True,1765158133,13950282.417654
0x92e5a7768bf529531da12fbfc6c83b2cd09fd129,0xea17b1284d10617a57f910b2ea63bdef481b1724a4b899d454ff104bea67b657,1.0,6,34737.620599999995,34737.620599999995,1,1.0,93.38436303991251,BUY,0.8666666666666667,0,34569.620599999995,True,True,True,True,True,True,True,1765158133,13950282.417654
0x2a923d2f6edbc894e76357104e654b27a0d9071e,0x73fb0d0a80b3a8d43c8e3dfd68e365bcb52cb255e933d7b187202ebdacb1578d,1.0,6,14776.287444,14776.287444,1,1.0,98.83720930232558,BUY,0.9333333333333333,1,13999.004194000003,True,True,True,True,True,True,True,1764703365,148505.812134
0x72e0877e54aafe7d9589e00a960918aadc0c3bc0,0xea17b1284d10617a57f910b2ea63bdef481b1724a4b899d454ff104bea67b657,1.0,6,24375.0,24375.0,1,1.0,91.03335155822853,BUY,1.0,0,24277.5,True,True,True,True,True,True,True,1765158133,13950282.417654
0x9369a9bdfc13acb929d89fb1da433e4e9979471b,0xea17b1284d10617a57f910b2ea63bdef481b1724a4b899d454ff104bea67b657,1.0,6,50000.0,50000.0,1,1.0,95.0792782941498,BUY,1.0,0,49800.0,True,True,True,True,True,True,True,1765158133,13950282.417654
0x0a8b99c3dd627dec5895feb92f6176012e7072eb,0x8f97d034bbf01cd874af524cefc6d83deaa25373c1ab4545a81589a4d3d2b2a8,1.0,6,11764.705881,11764.705881,1,1.0,99.44822512414935,BUY,1.0,1,3764.705883,True,True,True,True,True,True,True,1730887540,1960765.339769
0x0280de0fdf795344f025de3506872183babbff47,0xafc235557ace53ff0b0d2e93392314a7c3f3daab26a79050e985c11282f66df7,1.0,6,12056.042000000001,12056.042000000001,1,1.0,96.567142651089,BUY,0.8823529411764706,1,11073.45476,True,True,True,True,True,True,True,1767256259,34641400.627049
0xa9400018d8ce0d9081168734b15f388b5b03f8b8,0xafc235557ace53ff0b0d2e93392314a7c3f3daab26a79050e985c11282f66df7,1.0,6,120720.744547,120720.744547,1,1.0,99.59613442953989,BUY,0.9803921568627451,1,101352.412927,True,True,True,True,True,True,True,1767256259,34641400.627049
0xbfb748532e5a549cb32bba2133d4a3b317048bf4,0xea17b1284d10617a57f910b2ea63bdef481b1724a4b899d454ff104bea67b657,1.0,6,25000.0,25000.0,1,1.0,91.25205030071078,BUY,1.0,0,24900.0,True,True,True,True,True,True,True,1765158133,13950282.417654
0xd0fc2a8919031e50984585d0b3cbe4a6c33cc1e8,0x61801e7de8cc5b1659f50ddf3d277d5bf82c67319fbdcde561fb3c16a89d251d,1.0,6,110581.13765999998,110581.13765999998,1,1.0,100.0,BUY,0.8125,1,34656.71406,True,True,True,True,True,True,True,1753661811,150601.378872
0xd76930596edbb8c784dcc48f52140875bcd4f90c,0x5aac617026fe958a47a2203d3ce46dd581593404e79f878f1ca6752d7dab4b6a,1.0,6,10631.738170999999,10631.738170999999,1,1.0,98.97610921501706,BUY,1.0,1,10631.738170999999,True,True,True,True,True,True,True,1770621055,206703.133089
0x9d63202c6d705e94db24d35873c34bb5bb06348d,0xafc235557ace53ff0b0d2e93392314a7c3f3daab26a79050e985c11282f66df7,1.0,6,30098.737007999996,33833.747407999996,2,0.8896069550038417,98.35569017741238,BUY,0.8461538461538461,1,29718.737007999996,True,True,True,True,True,True,True,1767256259,34641400.627049
0x8fba2c29715c41dd87e781c23373aa1e0549d08a,0x0a875cad6cd91ff8786a612d5f791fa98cb4d55015157a91b8459027e9c51708,1.0,6,49115.20717000007,49115.20717000007,1,1.0,98.34586466165413,BUY,1.0,1,49115.20717000007,True,True,True,True,True,True,True,1759620780,612243.693147
0xdadf44c8ae805f2cdcc7b3f2c28933443725b1ed,0xea17b1284d10617a57f910b2ea63bdef481b1724a4b899d454ff104bea67b657,1.0,6,114932.0,116898.6624,2,0.9831763481324488,97.59431383269546,BUY,1.0,0,114694.68400000001,True,True,True,True,True,True,True,1765158133,13950282.417654
0x3d6f958a366ed5d6bcde346ef43b61f97006fd16,0x0c8ad9a71972fd2983a76a4243f3719e4b5bb0d82cc92eb01c7ee6617fb2c970,1.0,6,23347.8284,23347.8284,1,1.0,99.84998846065082,BUY,0.8043478260869565,1,483.58959999999956,True,True,True,True,True,True,True,1751954435,1063820.320648
0xb20ac3fbbe4f24a70186f498ebe70e232ffed09d,0xfccc16f3bba1210d40db55ee1b71c741be5b14dc3512aba5dc32de5c6e0c4bde,1.0,6,29338.391580999996,29338.391580999996,1,1.0,99.62299717247879,BUY,0.8636363636363636,0,8855.375101000001,True,True,True,True,True,True,True,1764780231,147254.959846
0x21228ac51112103a214003e2f4111ab4e123c810,0xea17b1284d10617a57f910b2ea63bdef481b1724a4b899d454ff104bea67b657,1.0,6,55024.986979,55024.986979,1,1.0,95.46200109349371,BUY,0.9047619047619048,0,54522.44449900001,True,True,True,True,True,True,True,1765158133,13950282.417654
0x538097d7b841c35d99de7be4aa9352a962ca28de,0x8f97d034bbf01cd874af524cefc6d83deaa25373c1ab4545a81589a4d3d2b2a8,1.0,6,43095.73388200008,43095.73388200008,1,1.0,99.8344675372448,SELL,0.9163763066202091,1,15555.651021999984,True,True,True,True,True,True,True,1730887540,1960765.339769
0x33e073440d9ac43e2e190e910f0b02b2fbd17d46,0x580adc1327de9bf7c179ef5aaffa3377bb5cb252b7d6390b027172d43fd6f993,1.0,6,25979.175391999997,31242.359794,2,0.8315369121697785,97.15025906735751,SELL,1.0,0,25979.175391999997,True,True,True,True,True,True,True,1767442525,10966928.525521
0xd1ecfa3e7d221851663f739626dcd15fca565d8e,0x8f97d034bbf01cd874af524cefc6d83deaa25373c1ab4545a81589a4d3d2b2a8,1.0,6,44998.363303000006,44998.363303000006,1,1.0,99.84366378517565,BUY,0.85,1,8748.393303,True,True,True,True,True,True,True,1730887540,1960765.339769
0x4728d8377019661b41a2fdca0da55c1dd1e06426,0xafc235557ace53ff0b0d2e93392314a7c3f3daab26a79050e985c11282f66df7,1.0,6,26486.115792,26486.115792,1,1.0,98.09606231068801,BUY,1.0,1,26370.915792000003,True,True,True,True,True,True,True,1767256259,34641400.627049
0xfffadf38a520cd5a0035ff52d7fceb436a08864b,0x8f97d034bbf01cd874af524cefc6d83deaa25373c1ab4545a81589a4d3d2b2a8,1.0,6,271789.135955,271789.135955,1,1.0,99.99080375206916,BUY,0.8987341772151899,1,52414.244955,True,True,True,True,True,True,True,1730887540,1960765.339769
0x0c1c6517335eefc19d53cabed5fb661279221a41,0xbfa45527ec959aacc36f7c312bd4f328171a7681ef1aeb3a7e34db5fb47d3f1d,1.0,6,119520.0,119520.0,1,1.0,97.93486894360603,BUY,1.0,0,119280.95999999999,True,True,True,True,True,True,True,1767747663,11034069.967475
0xeb7456f7f5429912a6135caae264cc2d368efad6,0xbfa45527ec959aacc36f7c312bd4f328171a7681ef1aeb3a7e34db5fb47d3f1d,1.0,6,25674.3,25674.3,1,1.0,92.0571882446386,BUY,1.0,0,25674.3,True,True,True,True,True,True,True,1767747663,11034069.967475
0xbddf61af533ff524d27154e589d2d7a81510c684,0x2b5af4a5a0ccabd73488b24bf185366a4991503a9ef823341d45bcf784291d01,1.0,6,255156.90360000075,255156.90360000075,1,1.0,99.81042654028435,BUY,0.9975247524752475,1,203067.78499999945,True,True,True,True,True,True,True,1769835122,667614.894959
0xcb1007092b55e8f8499131f2a9d94d3e0a52c547,0x2b5af4a5a0ccabd73488b24bf185366a4991503a9ef823341d45bcf784291d01,1.0,6,61525.33698800001,61525.33698800001,1,1.0,99.14691943127963,BUY,0.845360824742268,1,12011.849992,True,True,True,True,True,True,True,1769835122,667614.894959
0xf83eb91d77cb7141e41e1ca7592e49fa2fc0fe3a,0xfccc16f3bba1210d40db55ee1b71c741be5b14dc3512aba5dc32de5c6e0c4bde,1.0,6,35632.0,35632.0,1,1.0,99.78008168394597,BUY,1.0,0,35632.0,True,True,True,True,True,True,True,1764780231,147254.959846
0x5918f08c715aa7aa0fcc04edb72b800a18e8fe6e,0xbfa45527ec959aacc36f7c312bd4f328171a7681ef1aeb3a7e34db5fb47d3f1d,1.0,6,48440.0,48440.0,1,1.0,94.67831612390786,BUY,1.0,0,48343.12,True,True,True,True,True,True,True,1767747663,11034069.967475
0x5e6dff25eca1426fcd03bd2946b98085733a6c4d,0xbfa45527ec959aacc36f7c312bd4f328171a7681ef1aeb3a7e34db5fb47d3f1d,1.0,6,35050.0,35050.0,1,1.0,93.56632247815728,BUY,1.0,0,34979.899999999994,True,True,True,True,True,True,True,1767747663,11034069.967475
0x975be0173dbbc98c457dedd6f5dacec77e852d5f,0x3f816d82200f0198e72df1175e21d9f757e274307a5f93d075e3c14c7f9a4377,1.0,6,11266.709518,11286.709513999998,2,0.9982280047187189,98.75,BUY,0.8,1,8044.992872000002,True,True,True,True,True,True,True,1747642295,387226.776411
0x7903e4db88f247a9f71e54a72416283e7deee8a1,0x37e570f6defa9b72e96c7166d96fdc7b56a074010c5a305fbfa2731cbcdc6756,1.0,6,11920.972768000005,11920.972768000005,1,1.0,99.34065934065934,BUY,0.8523489932885906,1,5485.641628000004,True,True,True,True,True,True,True,1771028089,112821.380181
0x51729bf1b339d1c55216a01b087684e4e565ac35,0xc141b55ef76f20021f9539fa376b30a2c56e6ec2ee9b621a8a291771161e6d21,1.0,6,15096.792972999998,15096.792972999998,1,1.0,99.74424552429667,BUY,0.927461139896373,1,7243.320282999998,True,True,True,True,True,True,True,1770664205,104455.375554
0x1cf58e946147a1d353dfd2d5c153d5be75426440,0x2b5af4a5a0ccabd73488b24bf185366a4991503a9ef823341d45bcf784291d01,1.0,6,12760.321931000006,12760.321931000006,1,1.0,97.58293838862559,BUY,0.8333333333333334,1,3946.233869,True,True,True,True,True,True,True,1769835122,667614.894959
0xc7bc494ed3d4558b72aab49a0f60df71fa8a6099,0x8f97d034bbf01cd874af524cefc6d83deaa25373c1ab4545a81589a4d3d2b2a8,1.0,6,17453.205504000016,17453.205504000016,1,1.0,99.6045613389737,BUY,0.9977272727272727,1,9600.830303999996,True,True,True,True,True,True,True,1730887540,1960765.339769
0x4b2995b6c8cc2cf56899ad62ee87c3f70c97716f,0xfccc16f3bba1210d40db55ee1b71c741be5b14dc3512aba5dc32de5c6e0c4bde,1.0,6,24808.05574000001,30273.562940000007,3,0.8194627037844131,99.3402450518379,BUY,0.8064516129032258,0,7264.100099999996,True,True,True,True,True,True,True,1764780231,147254.959846
0x3b4484b6c8cbfdaa383ba337ab3f0d71055e264e,0xea17b1284d10617a57f910b2ea63bdef481b1724a4b899d454ff104bea67b657,1.0,6,107649.37160000001,114116.37160000001,2,0.9433297789850164,97.37561509021323,BUY,0.9333333333333333,0,89837.39869999999,True,True,True,True,True,True,True,1765158133,13950282.417654
0x2785e7022dc20757108204b13c08cea8613b70ae,0xea17b1284d10617a57f910b2ea63bdef481b1724a4b899d454ff104bea67b657,1.0,6,2025183.8372800013,2025183.8372800013,1,1.0,99.94532531437945,BUY,0.9437869822485208,0,1618204.0866800009,True,True,True,True,True,True,True,1765158133,13950282.417654
0xde37959a8f94536e818c61a069bd991e126cb9bf,0xea17b1284d10617a57f910b2ea63bdef481b1724a4b899d454ff104bea67b657,1.0,6,24999.999999999996,24999.999999999996,1,1.0,91.19737561509021,BUY,1.0,0,24799.999999999996,True,True,True,True,True,True,True,1765158133,13950282.417654
0xaf385a0ebd6f3b6cbb7eac15af99f56dcd30a59b,0xaba61ca5b2f03bb34d371d41d54e7d168e8e5c9816b77d3f850eb20ed0bdeeb8,1.0,6,12691.041121999999,12724.898261999999,2,0.9973392997489727,94.06528189910979,BUY,0.9375,0,5368.097674000001,True,True,True,True,True,True,True,1760248595,364211.611884
0x11af22fcacbc9eaabec4eec0b94f477a34c01c1d,0xea17b1284d10617a57f910b2ea63bdef481b1724a4b899d454ff104bea67b657,1.0,6,32000.0,32000.0,1,1.0,92.8922908693275,BUY,1.0,0,31872.0,True,True,True,True,True,True,True,1765158133,13950282.417654
0x4cb5ec560735efca23f76f2dd152b74bc6a9b536,0xafc235557ace53ff0b0d2e93392314a7c3f3daab26a79050e985c11282f66df7,1.0,6,21117.710000000003,21117.710000000003,1,1.0,97.60565411798645,BUY,1.0,1,19470.528619999994,True,True,True,True,True,True,True,1767256259,34641400.627049
0x5b6e876e1a6f9fb99982ead74292986dff8d7f3b,0xea17b1284d10617a57f910b2ea63bdef481b1724a4b899d454ff104bea67b657,1.0,6,27202.596799999996,27202.596799999996,1,1.0,92.01749589939858,BUY,0.8571428571428571,0,27017.2168,True,True,True,True,True,True,True,1765158133,13950282.417654
0x0a3e1094e983c9c55adc9fccd7be7b5b837fdb8b,0x8f97d034bbf01cd874af524cefc6d83deaa25373c1ab4545a81589a4d3d2b2a8,1.0,6,170930.912976,170930.912976,1,1.0,99.98160750413831,BUY,0.875,1,67279.99298,True,True,True,True,True,True,True,1730887540,1960765.339769
0xcdc47c6c362e05c06df6e43f5c7bc3bc27b9ee13,0xea17b1284d10617a57f910b2ea63bdef481b1724a4b899d454ff104bea67b657,1.0,6,20000.0,20000.0,1,1.0,90.15855658829962,BUY,1.0,0,19960.0,True,True,True,True,True,True,True,1765158133,13950282.417654
0xcfa714d7720c4fc45ee4919876413362aad047d9,0xbcb1ccc6cd8b664b323566205d2200c6411ae3758afe830c157a692a7e99d44a,1.0,6,22500.0,22500.0,1,1.0,99.04679376083189,BUY,1.0,1,6300.0,True,True,True,True,True,True,True,1772318895,1171552.428711
0xcd4b9c5fa0051c150b7cf2d420e2af6112e95ea1,0x2758b209d0ce348873b100c1205c2e3c2449222f211e4e9857e29e3071a65fad,1.0,6,26307.751248,26307.751248,1,1.0,96.14825581395348,BUY,1.0,0,18071.543352,True,True,True,True,True,True,True,1730883642,398005.11915
0x2cc0cd338a2ce6a17f6c398f4a2c671e3885f722,0x2758b209d0ce348873b100c1205c2e3c2449222f211e4e9857e29e3071a65fad,1.0,6,31546.859999999997,31546.859999999997,1,1.0,96.7296511627907,BUY,0.875,0,23562.9304,True,True,True,True,True,True,True,1730883642,398005.11915
0xf8a2163296ecb76d6441cd2d89e6971c1709a8f4,0xea17b1284d10617a57f910b2ea63bdef481b1724a4b899d454ff104bea67b657,1.0,6,20000.0,20000.0,1,1.0,90.15855658829962,BUY,1.0,0,19960.0,True,True,True,True,True,True,True,1765158133,13950282.417654
0xba559d9bebb63fa43fef7bb243eedf1f9932d9f3,0x2758b209d0ce348873b100c1205c2e3c2449222f211e4e9857e29e3071a65fad,1.0,6,13037.290385999997,13037.290385999997,1,1.0,93.96802325581395,SELL,0.8,0,2838.2264139999997,True,True,True,True,True,True,True,1730883642,398005.11915
0x22b4139906384ae2a6bed90fd01b81df019d5868,0xea17b1284d10617a57f910b2ea63bdef481b1724a4b899d454ff104bea67b657,1.0,6,26666.666666,26666.666666,1,1.0,91.79879715691635,BUY,1.0,0,26506.666666,True,True,True,True,True,True,True,1765158133,13950282.417654
0x0aae5c4ec45339a64a1dd2fe4ba98c2a19eb251c,0xafc235557ace53ff0b0d2e93392314a7c3f3daab26a79050e985c11282f66df7,1.0,6,23441.334622000002,23441.334622000002,1,1.0,97.85085821433724,BUY,0.9818181818181818,1,22573.712622000003,True,True,True,True,True,True,True,1767256259,34641400.627049
0xd28e607b987dca18eb4fd06ac81186d548c02f42,0x2758b209d0ce348873b100c1205c2e3c2449222f211e4e9857e29e3071a65fad,1.0,6,69908.21819999997,69908.21819999997,1,1.0,98.25581395348837,BUY,0.8490566037735849,0,57908.85180000001,True,True,True,True,True,True,True,1730883642,398005.11915
0x6fa35fc9087c7ee3776c46b4f5789c2597b716cd,0xea17b1284d10617a57f910b2ea63bdef481b1724a4b899d454ff104bea67b657,1.0,6,29833.333332000002,29833.333332000002,1,1.0,92.40021869874249,BUY,1.0,0,29674.333332000002,True,True,True,True,True,True,True,1765158133,13950282.417654
0x32fe2fd22a4713c7635049b0193b586cebe8eb6f,0xea17b1284d10617a57f910b2ea63bdef481b1724a4b899d454ff104bea67b657,1.0,6,33333.333333,33333.333333,1,1.0,93.1656642974303,BUY,1.0,0,33133.333333,True,True,True,True,True,True,True,1765158133,13950282.417654
0xf0ca28d5b0141f0a8e7b251dea80fd881cb166ed,0x7d53d12e1771ecfe5bd8c7685e097dcdaabeaa3e84f3002792d64e59237f33c3,1.0,6,11949.006640000001,11949.006640000001,1,1.0,99.67320261437908,BUY,0.8571428571428571,1,3242.641663999999,True,True,True,True,True,True,True,1772255777,117265.597258
0x0f0c11f59a586fb452f7fbd402d04ee8aaf4fb96,0xafc235557ace53ff0b0d2e93392314a7c3f3daab26a79050e985c11282f66df7,1.0,6,14892.233419999999,14892.233419999999,1,1.0,96.97100822154911,BUY,1.0,1,14330.95742,True,True,True,True,True,True,True,1767256259,34641400.627049
0xb51e00d7f0a9b0267303256cab9b83b1e4ed3361,0xea17b1284d10617a57f910b2ea63bdef481b1724a4b899d454ff104bea67b657,1.0,6,322570.4,322624.68634,2,0.9998317353187822,99.28922908693275,BUY,0.8666666666666667,0,321884.94,True,True,True,True,True,True,True,1765158133,13950282.417654
0xeae71b3df17b5c45e67b63cd271ac077657b1884,0xf732bd37df7cfe40314ed25589bf9132468ad54e7d601dae69e8038b751990ab,1.0,6,16851.433999999997,16851.433999999997,1,1.0,98.23321554770318,BUY,0.8888888888888888,1,11018.8662,True,True,True,True,True,True,True,1761982786,292853.868897
0xc9fd3c67825f317c92f60032feecb2cffa3d6a7c,0xafc235557ace53ff0b0d2e93392314a7c3f3daab26a79050e985c11282f66df7,1.0,6,51091.666956999994,51091.666956999994,1,1.0,98.94706476272897,BUY,0.9727272727272728,1,44446.826325,True,True,True,True,True,True,True,1767256259,34641400.627049
0x9703676286b93c2eca71ca96e8757104519a69c2,0x2758b209d0ce348873b100c1205c2e3c2449222f211e4e9857e29e3071a65fad,1.0,6,71886.55986599997,82436.65955799997,4,0.8720217467742337,98.40116279069767,BUY,0.9298245614035088,0,35850.193333999996,True,True,True,True,True,True,True,1730883642,398005.11915
0x19a562ca696274974f551582dca3d5dc3dceead0,0xea17b1284d10617a57f910b2ea63bdef481b1724a4b899d454ff104bea67b657,1.0,6,20000.0,20000.0,1,1.0,90.15855658829962,BUY,1.0,0,19960.0,True,True,True,True,True,True,True,1765158133,13950282.417654
0x10b30364936b03d26b3fd01a63d1f991454b40d4,0x2758b209d0ce348873b100c1205c2e3c2449222f211e4e9857e29e3071a65fad,1.0,6,20913.244807000006,20913.244807000006,1,1.0,95.27616279069767,BUY,0.9473684210526315,0,9576.902193000002,True,True,True,True,True,True,True,1730883642,398005.11915
0x240751647de7758ceddb4eb3d0aa6754fa199508,0xea17b1284d10617a57f910b2ea63bdef481b1724a4b899d454ff104bea67b657,1.0,6,40000.0,40000.0,1,1.0,93.98578458173866,BUY,1.0,0,39920.0,True,True,True,True,True,True,True,1765158133,13950282.417654
0x0c0e270cf879583d6a0142fc817e05b768d0434e,0x2758b209d0ce348873b100c1205c2e3c2449222f211e4e9857e29e3071a65fad,1.0,6,126481.50873300001,126777.49646300002,3,0.997665297562597,99.49127906976744,BUY,0.8333333333333334,0,63439.527133,True,True,True,True,True,True,True,1730883642,398005.11915
0x3ab7647d224f3d6cbea789bf58880dc0639cd252,0xea17b1284d10617a57f910b2ea63bdef481b1724a4b899d454ff104bea67b657,1.0,6,33333.333333,33333.333333,1,1.0,93.1656642974303,BUY,1.0,0,33133.333333,True,True,True,True,True,True,True,1765158133,13950282.417654
0xa8f6989443930086c1f2ca4294f03370bd4b3cd9,0x8f97d034bbf01cd874af524cefc6d83deaa25373c1ab4545a81589a4d3d2b2a8,1.0,6,50525.78141699993,50525.78141699993,1,1.0,99.86205628103734,SELL,0.9141414141414141,1,6179.788975000001,True,True,True,True,True,True,True,1730887540,1960765.339769
0x146dd7b05bc75c3f7c10fa1eddb5874b1fbfe7a4,0x8f97d034bbf01cd874af524cefc6d83deaa25373c1ab4545a81589a4d3d2b2a8,1.0,6,12957.0,12957.0,1,1.0,99.48501011587271,BUY,0.8888888888888888,1,2262.9,True,True,True,True,True,True,True,1730887540,1960765.339769
0x85ed6354cdedb65c1d54b848c5ef1541efb95aa4,0x6cf3987128ef2424eefe80ade1ca390a88d4d1f08ae5d970fbf4d4179cce6ce1,1.0,6,10377.653898999999,10377.653898999999,1,1.0,98.54227405247813,BUY,0.8771929824561403,1,5895.639631000002,True,True,True,True,True,True,True,1758776312,114761.188164
0xfc70fdfd803ce350ef14a536c81ead38014d4aed,0xafc235557ace53ff0b0d2e93392314a7c3f3daab26a79050e985c11282f66df7,1.0,6,54119.35771699999,64982.105897,2,0.8328347776660543,99.048031155344,BUY,0.8777777777777778,1,47213.734444999995,True,True,True,True,True,True,True,1767256259,34641400.627049
0x24beeb31bc61eeb0f17b4dd7a610666a99bc6e89,0xea17b1284d10617a57f910b2ea63bdef481b1724a4b899d454ff104bea67b657,1.0,6,334225.60414199997,334225.60414199997,1,1.0,99.3439037725533,BUY,0.9393939393939394,0,330385.60414199997,True,True,True,True,True,True,True,1765158133,13950282.417654
0x9066aa36696ef7ad9efbf35ea2b2b5535197c20a,0x027c6ca9b9ee0964617a218ec86a6bc4c3ee24109863da4a976afd955fce89c7,1.0,6,13302.186160000003,13302.186160000003,1,1.0,97.74436090225564,BUY,1.0,1,4326.573248,True,True,True,True,True,True,True,1760811456,728411.145909
0x51a15d76e6b5cd7e0b21fa1f3d1995439a5da78f,0xea17b1284d10617a57f910b2ea63bdef481b1724a4b899d454ff104bea67b657,1.0,6,46179.80653599999,46179.80653599999,1,1.0,94.5872061235648,BUY,1.0,0,46178.498655999996,True,True,True,True,True,True,True,1765158133,13950282.417654
0xcf0d7f69cf162918b33fc1ea7449583fa537132d,0x8f97d034bbf01cd874af524cefc6d83deaa25373c1ab4545a81589a4d3d2b2a8,1.0,6,110340.04960800003,117577.36050800001,2,0.9384463907955516,99.93562626448409,BUY,0.94,1,64889.251038000024,True,True,True,True,True,True,True,1730887540,1960765.339769
0x22b57908ba8b730b1242cce3781407090194bdca,0xea17b1284d10617a57f910b2ea63bdef481b1724a4b899d454ff104bea67b657,1.0,6,42070.257921000004,44977.417851000006,2,0.9353640100098506,94.20448332422089,BUY,1.0,0,42070.257921000004,True,True,True,True,True,True,True,1765158133,13950282.417654
0xa0f5829d5e2df767b18ba5afc6c367f839c0d81b,0x008af4e889a49d8d0e20d79993b0419f79e7d802be2cbfd8ccc53c7bf718922c,1.0,6,38721.652742,38721.652742,1,1.0,98.4186046511628,BUY,0.8703703703703703,1,6721.509946,True,True,True,True,True,True,True,1745383664,912840.4437
0x0371d66567d3f0b06711ba5922e06937ca0792bb,0x8f97d034bbf01cd874af524cefc6d83deaa25373c1ab4545a81589a4d3d2b2a8,1.0,6,14840.440600000002,14840.440600000002,1,1.0,99.57697259518116,BUY,0.8461538461538461,1,2439.5594,True,True,True,True,True,True,True,1730887540,1960765.339769
0x75802c56002ebe765938f4f75d72a43e5ccd7308,0xea17b1284d10617a57f910b2ea63bdef481b1724a4b899d454ff104bea67b657,1.0,6,20087.5,20087.5,1,1.0,90.26790595954073,BUY,1.0,0,19926.800000000003,True,True,True,True,True,True,True,1765158133,13950282.417654
0x1c3cdc2caa24eeb9434100f82ac32c22a26b1b01,0x2758b209d0ce348873b100c1205c2e3c2449222f211e4e9857e29e3071a65fad,1.0,6,12636.495262000002,12636.495262000002,1,1.0,93.82267441860465,BUY,0.8076923076923077,0,6963.503135999998,True,True,True,True,True,True,True,1730883642,398005.11915
0xdf95f7e9cc190db6c22c2e9dd717acc568d9694d,0xafc235557ace53ff0b0d2e93392314a7c3f3daab26a79050e985c11282f66df7,1.0,6,15027.565460000002,15075.905460000002,2,0.9967935590914749,96.9854319919227,BUY,0.825,1,13608.832040000001,True,True,True,True,True,True,True,1767256259,34641400.627049
0x242642fcc37e6f079219a545867921dd682ad3e5,0x67d7e1b3c2ad0e34e96b69da21be5a24c6d5b26d93683a255beb1c7d6079c23a,1.0,6,11705.342892,11705.342892,1,1.0,97.20670391061452,BUY,0.9322033898305084,1,10331.661752,True,True,True,True,True,True,True,1775933139,248797.898572
0x2cce1a0e06140940f2c0ac316d72980ae7a2f4e0,0x8f97d034bbf01cd874af524cefc6d83deaa25373c1ab4545a81589a4d3d2b2a8,1.0,6,25424.178653000003,25424.178653000003,1,1.0,99.69652381828215,BUY,0.8181818181818182,1,5424.1786569999995,True,True,True,True,True,True,True,1730887540,1960765.339769
0x88b6e6704a2c3bdff2a7b21ce6b1b2e8f3343cff,0x2758b209d0ce348873b100c1205c2e3c2449222f211e4e9857e29e3071a65fad,1.0,6,22505.73418,24923.73418,3,0.9029840399300872,95.63953488372093,BUY,0.8,0,1323.6713999999993,True,True,True,True,True,True,True,1730883642,398005.11915
0xb7a056b83fb4fb3e86400224c44554e0e18d6e95,0xafc235557ace53ff0b0d2e93392314a7c3f3daab26a79050e985c11282f66df7,1.0,6,10016.559947,10140.590307,2,0.9877689211135585,95.94692052502523,BUY,0.8571428571428571,1,9854.000053,True,True,True,True,True,True,True,1767256259,34641400.627049
0x4ce73141dbfce41e65db3723e31059a730f0abad,0x2758b209d0ce348873b100c1205c2e3c2449222f211e4e9857e29e3071a65fad,1.0,6,14786.99,14786.99,1,1.0,94.11337209302324,BUY,0.9545454545454546,0,9881.76848,True,True,True,True,True,True,True,1730883642,398005.11915
0x9b336ad454a86a4966d0c2054db0eff99e24b005,0x2758b209d0ce348873b100c1205c2e3c2449222f211e4e9857e29e3071a65fad,1.0,6,20513.3896,20513.3896,1,1.0,95.20348837209302,BUY,0.9090909090909091,0,9437.2328,True,True,True,True,True,True,True,1730883642,398005.11915
0x521a8c20563ccc9e1c8ebfe5cfe6c8f9b2f8d12f,0xafc235557ace53ff0b0d2e93392314a7c3f3daab26a79050e985c11282f66df7,1.0,6,112094.28359600001,112094.28359600001,1,1.0,99.524015577672,BUY,0.9876543209876543,1,111895.683596,True,True,True,True,True,True,True,1767256259,34641400.627049
0xa52b785a5510117ac3ae03d75d029f89a36c9480,0xafc235557ace53ff0b0d2e93392314a7c3f3daab26a79050e985c11282f66df7,1.0,6,38284.280059,38284.280059,1,1.0,98.55762296264243,BUY,1.0,1,38273.122819,True,True,True,True,True,True,True,1767256259,34641400.627049
0x934fd282da7ca5e98c45273e1ad12a3c45568f63,0xafc235557ace53ff0b0d2e93392314a7c3f3daab26a79050e985c11282f66df7,1.0,6,11132.1839,11132.1839,1,1.0,96.33636232511178,BUY,0.8333333333333334,1,1.1368683772161603e-13,True,True,True,True,True,True,True,1767256259,34641400.627049
0xf30d72bfe55db2373bb82b0d97035e4f638e0470,0xafc235557ace53ff0b0d2e93392314a7c3f3daab26a79050e985c11282f66df7,1.0,6,17317.08596000001,19965.08596000001,2,0.8673684648638498,97.20178854752632,BUY,0.8103448275862069,1,7906.755640000001,True,True,True,True,True,True,True,1767256259,34641400.627049
0x9312b8c4748a5387858d7e19feca87b83b31a285,0x7590f51f00a87c7bc60cf740f43b1ca4a97c5e9ad583cf4cf94379508d0a067b,1.0,6,13176.58209,13176.58209,1,1.0,94.87028301886792,BUY,1.0,0,13043.78209,True,True,True,True,True,True,True,1753238279,548153.149931
0xc02356284def0c089d0ae810420ef5425865ccf8,0x7590f51f00a87c7bc60cf740f43b1ca4a97c5e9ad583cf4cf94379508d0a067b,1.0,6,30010.0,35700.6595,3,0.8406007177542476,97.46462264150944,BUY,1.0,0,29870.0,True,True,True,True,True,True,True,1753238279,548153.149931
0x334eb4e69dee608898890ffe7cd9094e78b5708c,0xbfa45527ec959aacc36f7c312bd4f328171a7681ef1aeb3a7e34db5fb47d3f1d,1.0,6,28246.165005,28246.165005,1,1.0,92.21604447974583,BUY,0.8461538461538461,0,11545.638875,True,True,True,True,True,True,True,1767747663,11034069.967475
0x0c839d5032e2b0bfd2e9d779c9eba458dfa50f55,0xea17b1284d10617a57f910b2ea63bdef481b1724a4b899d454ff104bea67b657,1.0,6,24416.0,24416.0,1,1.0,91.0880262438491,BUY,1.0,0,24367.167999999998,True,True,True,True,True,True,True,1765158133,13950282.417654
0x59a513a782dd4c1a98ef22932c52191129f5afc8,0xafc235557ace53ff0b0d2e93392314a7c3f3daab26a79050e985c11282f66df7,1.0,6,19565.384979,19565.384979,1,1.0,97.47584018462426,BUY,0.95,1,18731.448179,True,True,True,True,True,True,True,1767256259,34641400.627049
0x22b7a4a639929bc3fc82e774d982c36ab04ab260,0x0567bc02ff9c9e48029c8a1dc889d9748d394fc38ab12493046b9831abd349fd,1.0,6,16688.249480000002,16688.249480000002,1,1.0,99.18509895227008,BUY,0.8292682926829268,1,13188.249482000001,True,True,True,True,True,True,True,1749005803,514644.197549
0x2a6fb502dc5fdbe4118a6d4367c0b0b361b4d4ae,0xea17b1284d10617a57f910b2ea63bdef481b1724a4b899d454ff104bea67b657,1.0,6,110538.29737100001,110538.29737100001,1,1.0,97.48496446145435,BUY,0.8947368421052632,0,107856.29737700001,True,True,True,True,True,True,True,1765158133,13950282.417654
0x4156807f3ebdd2fbe64c48fb52d8f84bdae8dcd6,0xafc235557ace53ff0b0d2e93392314a7c3f3daab26a79050e985c11282f66df7,1.0,6,30258.78194,32122.78194,2,0.941972647217117,98.37011394778595,BUY,0.8181818181818182,1,5732.581939999998,True,True,True,True,True,True,True,1767256259,34641400.627049
0x91168ddb61315a38c13f26b7d74764e21cfc6fda,0xbfa45527ec959aacc36f7c312bd4f328171a7681ef1aeb3a7e34db5fb47d3f1d,1.0,6,69964.48,69964.48,1,1.0,95.86973788721207,BUY,1.0,0,69964.48,True,True,True,True,True,True,True,1767747663,11034069.967475
0xb57a6e67c1d397cddd68845a4c01b4860cfbb8c3,0xd461c402f04f24792655537d27afa7054ad8d968eae10747f000a82251117cf0,1.0,6,50612.94410800002,56748.26910800002,2,0.8918852487232058,99.44466481554939,BUY,1.0,0,3268.7461460000095,True,True,True,True,True,True,True,1768540588,742047.391176
0x50dd33cc84634442bfe02c3a1005832af5399c04,0x7533173253d5573ca8132c9f595e5387476185c6690e1e12fab00784a2717ea5,1.0,6,11963.910034,11963.910034,1,1.0,99.49409780775717,BUY,0.8571428571428571,1,990.0551639999982,True,True,True,True,True,True,True,1751646243,383524.741462
0xa55ea7beae052bd8d23a2790ceb718045e49c136,0xafc235557ace53ff0b0d2e93392314a7c3f3daab26a79050e985c11282f66df7,1.0,6,10124.386254000001,11125.386254000001,2,0.9100255957729017,96.00461560651954,SELL,0.8571428571428571,1,5.213745999999446,True,True,True,True,True,True,True,1767256259,34641400.627049
0xe11ffec577815bf669884a43527845718b02f9bd,0xafc235557ace53ff0b0d2e93392314a7c3f3daab26a79050e985c11282f66df7,1.0,6,16411.25,16411.25,1,1.0,97.14409346603202,BUY,1.0,1,15623.509999999998,True,True,True,True,True,True,True,1767256259,34641400.627049
0xddff18c9e86262e62af046d818dda0c3de6f52d6,0xafc235557ace53ff0b0d2e93392314a7c3f3daab26a79050e985c11282f66df7,1.0,6,24921.306355,24921.306355,1,1.0,98.00951968844656,BUY,1.0,1,24921.306355,True,True,True,True,True,True,True,1767256259,34641400.627049
0x614ef98a8be021de3a974942b2fb98794ff34f1b,0x7590f51f00a87c7bc60cf740f43b1ca4a97c5e9ad583cf4cf94379508d0a067b,1.0,6,520271.5190839999,520271.5190839999,1,1.0,99.88207547169812,BUY,0.8992805755395683,0,422508.796444,True,True,True,True,True,True,True,1753238279,548153.149931
0xf3a618aa325b4e7c96bcf22a800635d66ba10b94,0x7590f51f00a87c7bc60cf740f43b1ca4a97c5e9ad583cf4cf94379508d0a067b,1.0,6,50000.0,50000.0,1,1.0,98.52594339622641,BUY,1.0,0,49800.0,True,True,True,True,True,True,True,1753238279,548153.149931
0xb03b826a4fc9893b35d3ddf4f11be824525b6ca1,0xbfa45527ec959aacc36f7c312bd4f328171a7681ef1aeb3a7e34db5fb47d3f1d,1.0,6,24924.002999999997,24924.002999999997,1,1.0,91.81890389197777,BUY,1.0,0,24924.002999999997,True,True,True,True,True,True,True,1767747663,11034069.967475
0xc5bc38be98f5aacb1dd1aae9c79294d6fbdcc11a,0x7590f51f00a87c7bc60cf740f43b1ca4a97c5e9ad583cf4cf94379508d0a067b,1.0,6,37002.0,37002.0,1,1.0,97.93632075471697,BUY,1.0,0,36776.0,True,True,True,True,True,True,True,1753238279,548153.149931
0xac7377eddbdb644054ed43e8bc96c3385476621e,0x7590f51f00a87c7bc60cf740f43b1ca4a97c5e9ad583cf4cf94379508d0a067b,1.0,6,12423.6533,12423.6533,1,1.0,94.5754716981132,BUY,1.0,0,12223.6533,True,True,True,True,True,True,True,1753238279,548153.149931
0xc43f69cf5cf7bc4d6cd8049fc821c2affbb2e7ee,0x0567bc02ff9c9e48029c8a1dc889d9748d394fc38ab12493046b9831abd349fd,1.0,6,18117.322466999995,18117.322466999995,1,1.0,99.30151338766007,BUY,0.8433734939759037,1,16255.342479000004,True,True,True,True,True,True,True,1749005803,514644.197549
0x9d7b24b16a0417080e4149f493d61b096e4b104e,0x362c61cfb577a719526b03e7596a3ef3d6d9aadf5292e2e2391c2cdf62892730,1.0,6,47904.402080000014,47904.402080000014,1,1.0,99.69547011800532,SELL,0.8863636363636364,1,46885.00208000002,True,True,True,True,True,True,True,1753909753,192695.926075
0x873331f6f8d127624d2eab32154ebf43a039ee86,0xea17b1284d10617a57f910b2ea63bdef481b1724a4b899d454ff104bea67b657,1.0,6,51291.549753,51291.549753,1,1.0,95.18862766539092,BUY,0.8666666666666667,0,18334.523412999995,True,True,True,True,True,True,True,1765158133,13950282.417654
0x606bcdfc814f17429d627f525beefb404a75d67a,0x7590f51f00a87c7bc60cf740f43b1ca4a97c5e9ad583cf4cf94379508d0a067b,1.0,6,70026.38380000001,70026.38380000001,1,1.0,99.1745283018868,BUY,1.0,0,69244.38380000001,True,True,True,True,True,True,True,1753238279,548153.149931
0x4d98a43ca05d2c6196bc3a347da60d280572daae,0x7590f51f00a87c7bc60cf740f43b1ca4a97c5e9ad583cf4cf94379508d0a067b,1.0,6,26352.963325999997,26356.963325999997,2,0.9998482374486573,97.16981132075472,BUY,1.0,0,26082.590006,True,True,True,True,True,True,True,1753238279,548153.149931
0x42aaca2449adeda11640ab52bb65e905b542e456,0x7590f51f00a87c7bc60cf740f43b1ca4a97c5e9ad583cf4cf94379508d0a067b,1.0,6,12879.01388,12879.01388,1,1.0,94.63443396226415,BUY,1.0,0,12769.685920000002,True,True,True,True,True,True,True,1753238279,548153.149931
0x7088d71dbbb240e80f5c386382cb412c1822d1e3,0xafc235557ace53ff0b0d2e93392314a7c3f3daab26a79050e985c11282f66df7,1.0,6,10088.96384,10088.96384,1,1.0,95.9757680657724,BUY,0.872,1,5280.376220000005,True,True,True,True,True,True,True,1767256259,34641400.627049
0x2999a151d1081c4828ab78879a1218b7a37d3589,0x7590f51f00a87c7bc60cf740f43b1ca4a97c5e9ad583cf4cf94379508d0a067b,1.0,6,15835.264920000001,15835.264920000001,1,1.0,95.57783018867924,BUY,1.0,0,15811.154320000005,True,True,True,True,True,True,True,1753238279,548153.149931
0xb8f9217870323a0a8ab94a0ffeefea43f27855f0,0x7533173253d5573ca8132c9f595e5387476185c6690e1e12fab00784a2717ea5,1.0,6,14740.287408000002,14740.287408000002,1,1.0,99.71894322653176,BUY,0.9411764705882353,1,13366.963395999997,True,True,True,True,True,True,True,1751646243,383524.741462
0x1341dc112f020a2f54cef22ed2d9399a54c32348,0x7590f51f00a87c7bc60cf740f43b1ca4a97c5e9ad583cf4cf94379508d0a067b,1.0,6,221842.947473,221842.947473,1,1.0,99.82311320754717,BUY,1.0,0,219710.191593,True,True,True,True,True,True,True,1753238279,548153.149931
0x61d0aceed741417e9b7ea45bcb7bf0295c8d1d86,0xea17b1284d10617a57f910b2ea63bdef481b1724a4b899d454ff104bea67b657,1.0,6,110835.68948299997,116158.81181199997,2,0.9541737536226237,97.53963914707491,BUY,0.8372093023255814,0,86055.591927,True,True,True,True,True,True,True,1765158133,13950282.417654
0x80e9d5d164d0917299c9efb18a739338c6cd7967,0xa3f428ef5a0323ed2ab7a71de29768bb7dc3cbabf516697dd3173053e79c4be5,1.0,6,28146.258571000024,33039.81963200002,2,0.851888989846045,99.70149253731343,BUY,0.9276018099547512,0,11951.544222999995,True,True,True,True,True,True,True,1767122653,83845.862029
0x532f334c56d35bd9122aaf296983faf6e2b6e626,0xc9cc4d1c87953038066caff9a9e2fd6c1e21faf8f1e7927ad5b331de62e63ba8,1.0,6,10518.636037999999,10518.636037999999,1,1.0,97.19101123595506,BUY,0.9397321428571429,0,1102.6833840000002,True,True,True,True,True,True,True,1772653807,755405.675941
0xffc3110e8d6aec37db769c0994261412f8879d58,0xe5e57a570056e363a16129a3985cedcdfcb484d0d799a5f527a43baf31a11bf9,1.0,6,94252.85342000001,94252.85342000001,1,1.0,99.87228607918263,BUY,0.9016393442622951,1,60861.95086,True,True,True,True,True,True,True,1771920544,1294854.463995
0x85a9f5954f1cf6a4c9c1da0ca1de3f8b36100808,0xbfa45527ec959aacc36f7c312bd4f328171a7681ef1aeb3a7e34db5fb47d3f1d,1.0,6,20988.396333,20988.396333,1,1.0,91.42176330420969,BUY,0.8333333333333334,0,20840.503332999997,True,True,True,True,True,True,True,1767747663,11034069.967475
0x73e4c57a583a629005192247852e8fe98b6a3097,0xafc235557ace53ff0b0d2e93392314a7c3f3daab26a79050e985c11282f66df7,1.0,6,46151.089684,46151.089684,1,1.0,98.78840328861965,BUY,0.8260869565217391,1,26149.144628000002,True,True,True,True,True,True,True,1767256259,34641400.627049
0xbc40bc17d76d2f379dfe15d5746f190111f57727,0xbfa45527ec959aacc36f7c312bd4f328171a7681ef1aeb3a7e34db5fb47d3f1d,1.0,6,42478.0,42478.0,1,1.0,94.04289118347894,BUY,1.0,0,42433.004,True,True,True,True,True,True,True,1767747663,11034069.967475
0xf43842aca68209bd8bd3b4cfae00a32053769559,0xf64498a1700f91963506f4802eb8573e6eee0cd4ed8e1deebc09542bd605f74b,1.0,6,16017.494967999999,16017.494967999999,1,1.0,98.52579852579852,BUY,1.0,1,13253.962167999998,True,True,True,True,True,True,True,1776574310,385542.828643
0xd3050d9ae4bc7d638bd07bf2e4c4cc965cf28893,0xafc235557ace53ff0b0d2e93392314a7c3f3daab26a79050e985c11282f66df7,1.0,6,19106.562672,19106.562672,1,1.0,97.40372133275639,BUY,0.875,1,17940.822674,True,True,True,True,True,True,True,1767256259,34641400.627049
0xba389f76b0119aed07c53c9029852664bd97e406,0xf64498a1700f91963506f4802eb8573e6eee0cd4ed8e1deebc09542bd605f74b,1.0,6,12702.766784000003,12702.766784000003,1,1.0,98.15724815724816,BUY,0.96,1,5191.013984,True,True,True,True,True,True,True,1776574310,385542.828643
0x6af52598ec28938870dcda398c0f7e05441a42ce,0x0e1e558714cd622f7adaab08f9e252e290f7fd99e6ef2e91f7dffe938cceefca,1.0,6,17753.840757999984,17753.840757999984,1,1.0,99.81203007518798,BUY,0.9506172839506173,0,15479.662856000006,True,True,True,True,True,True,True,1769542135,59084.251846
0x2adf85be1f25a77ca407cf031bd00d735c05d89c,0xfb929941242c96f8147d05b7585e4ae31513c82c2f84e69f748c3cf515f39f12,1.0,6,19506.710717,19506.710717,1,1.0,94.20289855072464,BUY,0.9545454545454546,1,14812.304967,True,True,True,True,True,True,True,1757311828,140306.209869
0xfeb0ed2df6c7fe51f07d5707fe72935c74fed4a4,0xea17b1284d10617a57f910b2ea63bdef481b1724a4b899d454ff104bea67b657,1.0,6,58652.34733099999,58652.34733099999,1,1.0,95.73537452159651,BUY,0.8333333333333334,0,26001.736494999997,True,True,True,True,True,True,True,1765158133,13950282.417654
0xc68c3539292f8a44113ed4e97c170785c1c0f959,0x7533173253d5573ca8132c9f595e5387476185c6690e1e12fab00784a2717ea5,1.0,6,38301.53312,38301.53312,1,1.0,99.94378864530636,BUY,0.9021739130434783,1,33586.86968,True,True,True,True,True,True,True,1751646243,383524.741462
0x4d49acb0ae1c463eb5b1947d174141b812ba7450,0xbfa45527ec959aacc36f7c312bd4f328171a7681ef1aeb3a7e34db5fb47d3f1d,1.0,6,533899.9561000001,533899.9561000001,1,1.0,99.3645750595711,BUY,1.0,0,533899.9561000001,True,True,True,True,True,True,True,1767747663,11034069.967475
0x33af950da3acf92cfab5268d82516f52f9ddefad,0xbfa45527ec959aacc36f7c312bd4f328171a7681ef1aeb3a7e34db5fb47d3f1d,1.0,6,100000.0,100000.0,1,1.0,97.53772835583797,BUY,1.0,0,99600.0,True,True,True,True,True,True,True,1767747663,11034069.967475
0x6c566eee8932f8db9c09ac47781d1f5aec04ca1d,0xbcb1ccc6cd8b664b323566205d2200c6411ae3758afe830c157a692a7e99d44a,1.0,6,14400.0,14400.0,1,1.0,98.44020797227037,BUY,1.0,1,14400.0,True,True,True,True,True,True,True,1772318895,1171552.428711
0xac9b386454ed02ef205e0ebd189d8864fd02d4c5,0xea17b1284d10617a57f910b2ea63bdef481b1724a4b899d454ff104bea67b657,1.0,6,78552.69012300001,84236.29012300001,3,0.9325278927680584,96.71951886276653,BUY,0.8723404255319149,0,75919.46337700001,True,True,True,True,True,True,True,1765158133,13950282.417654
0x8645b8d48aa02234a2831adadeda774097884632,0xafc235557ace53ff0b0d2e93392314a7c3f3daab26a79050e985c11282f66df7,1.0,6,24834.984599999996,24834.984599999996,1,1.0,97.99509591807298,BUY,0.8461538461538461,1,14656.662040000001,True,True,True,True,True,True,True,1767256259,34641400.627049
0x095b1b3a51a5b242f515354704ad7d6caaab6f34,0xbfa45527ec959aacc36f7c312bd4f328171a7681ef1aeb3a7e34db5fb47d3f1d,1.0,6,15032.0,15121.4298,3,0.9940858899467298,90.07148530579825,BUY,0.9841269841269841,0,14940.0,True,True,True,True,True,True,True,1767747663,11034069.967475
0x07a2b2c09f10ee0978f5e939d26391ca466feea4,0x3f816d82200f0198e72df1175e21d9f757e274307a5f93d075e3c14c7f9a4377,1.0,6,29638.516520000005,29638.516520000005,1,1.0,99.79166666666667,BUY,0.85,1,27764.65,True,True,True,True,True,True,True,1747642295,387226.776411
0x6e115e11e78e2f1e52c157b66f8fdc568029b846,0x7590f51f00a87c7bc60cf740f43b1ca4a97c5e9ad583cf4cf94379508d0a067b,1.0,6,38356.14664,38356.14664,1,1.0,98.05424528301887,BUY,0.9565217391304348,0,12738.445780000002,True,True,True,True,True,True,True,1753238279,548153.149931
0x464919a361929b52121569758c3af8be55843c1b,0xea17b1284d10617a57f910b2ea63bdef481b1724a4b899d454ff104bea67b657,1.0,6,26968.333333,26968.333333,1,1.0,91.90814652815746,BUY,1.0,0,26668.713333000003,True,True,True,True,True,True,True,1765158133,13950282.417654
0x17a573d7c137026be0c86ac13b539154155fe00a,0xea17b1284d10617a57f910b2ea63bdef481b1724a4b899d454ff104bea67b657,1.0,6,22455.031684999998,22487.859794,2,0.9985401852688195,90.65062875888464,BUY,0.8064516129032258,0,697.396209,True,True,True,True,True,True,True,1765158133,13950282.417654
0x6cbbdaf7e3e780ecbfa0048bf0e1f35c57db89ab,0x0567bc02ff9c9e48029c8a1dc889d9748d394fc38ab12493046b9831abd349fd,1.0,6,46859.031984,46859.031984,1,1.0,99.76717112922002,BUY,0.9417808219178082,1,41311.45691999999,True,True,True,True,True,True,True,1749005803,514644.197549
0x35fbb9cfda40f397c42618217c8465f3b765ab4d,0x2758b209d0ce348873b100c1205c2e3c2449222f211e4e9857e29e3071a65fad,0.9500000000000001,5,28172.116348999996,28172.116348999996,1,1.0,96.36627906976744,BUY,0.9375,0,7972.126106999999,True,True,True,True,True,True,False,1730883642,398005.11915
0x7837374fe2dbe8a9a4ef3d60530c63b75db440f1,0x2b5af4a5a0ccabd73488b24bf185366a4991503a9ef823341d45bcf784291d01,0.9500000000000001,5,12658.58065,12658.58065,1,1.0,97.53554502369668,BUY,1.0,1,8299.419326000001,True,True,True,True,True,True,False,1769835122,667614.894959
0xd5f04124fba04a7be077d4d62ffed2ccaa9ff5da,0x6375a7d22df706664196f1495256f6c1bb9b8570c1d32dcf4470aaf7fd0f25fa,0.9500000000000001,5,43400.7558,43400.7558,1,1.0,99.56011730205279,BUY,1.0,0,43400.7558,True,True,True,True,True,True,False,1776368172,170351.510655
0x00b21022c1bfc33f85d95f8eb2c2a1b9af036cb7,0x4cfe3c112a8e927d72d30a7a7328c0b1d22a007c5f7bf5c186333ec49ac2f03f,0.9500000000000001,5,19948.727712,19948.727712,1,1.0,99.32735426008968,BUY,0.8269230769230769,1,3507.406132,True,True,True,True,True,True,False,1772237505,169067.719362
0xceabfbdf0af30305f73dc669b22a6879486be5d9,0x0a875cad6cd91ff8786a612d5f791fa98cb4d55015157a91b8459027e9c51708,0.9500000000000001,5,281444.228368,281444.228368,1,1.0,99.84962406015038,BUY,1.0,1,16655.748032,True,True,True,True,True,True,False,1759620780,612243.693147
0xba2cb3168709dc3880243586448d6d67afc2bf17,0x2758b209d0ce348873b100c1205c2e3c2449222f211e4e9857e29e3071a65fad,0.9500000000000001,5,23230.335808,23230.335808,1,1.0,95.85755813953489,BUY,0.9166666666666666,0,19562.335808,True,True,True,True,True,True,False,1730883642,398005.11915
0xeb8984bd4aad72274f170bfc71ef4fa21a4646f1,0x7548870ce59eaa7a52bac1a3d94c43cd073a2e4ac36ca452da6b570bb699983c,0.9500000000000001,5,19529.742333000002,20829.437154999996,5,0.9376029792678287,99.06542056074767,BUY,0.9315068493150684,1,1635.3955929999997,True,True,True,True,True,True,False,1764112089,65568.904964
0xf03044eb7a85a04e826adc893ded416e116812e2,0x2f33c9dfc3026ab540eaed4f4212bfb4693013ff6b98639e644c74523dc74feb,0.9500000000000001,5,36093.11379200001,36093.11379200001,1,1.0,98.74141876430205,BUY,0.9540229885057471,1,15123.238408,True,True,True,True,True,True,False,1774054745,834190.075484
0xa59f30d96a42e5efd9e0d2e55afac7d39b977cba,0xbfa45527ec959aacc36f7c312bd4f328171a7681ef1aeb3a7e34db5fb47d3f1d,0.9500000000000001,5,65000.0,65000.0,1,1.0,95.71088165210485,BUY,1.0,0,64870.0,True,True,True,True,True,True,False,1767747663,11034069.967475
0x066604ffd740740da7875f406a146c77aa630104,0xbfa45527ec959aacc36f7c312bd4f328171a7681ef1aeb3a7e34db5fb47d3f1d,0.9500000000000001,5,250000.0,250016.666665,2,0.9999333377841473,99.04686258935664,BUY,1.0,0,249500.0,True,True,True,True,True,True,False,1767747663,11034069.967475
0x55785d43066ea048c1bec3c5c78d99b30f5fe372,0xbfa45527ec959aacc36f7c312bd4f328171a7681ef1aeb3a7e34db5fb47d3f1d,0.9500000000000001,5,200000.0,200000.0,1,1.0,98.49086576648133,BUY,1.0,0,199600.0,True,True,True,True,True,True,False,1767747663,11034069.967475
0x02d520455607977a0a53fee2a5e86ce9c305c9e2,0xbfa45527ec959aacc36f7c312bd4f328171a7681ef1aeb3a7e34db5fb47d3f1d,0.9500000000000001,5,100000.0,100000.0,1,1.0,97.53772835583797,BUY,1.0,0,99800.0,True,True,True,True,True,True,False,1767747663,11034069.967475
0x043251439993ef2faaf25c0b4ddcd7da51e97283,0xc9cc4d1c87953038066caff9a9e2fd6c1e21faf8f1e7927ad5b331de62e63ba8,0.9500000000000001,5,12487.5,12487.5,1,1.0,97.75280898876404,BUY,1.0,0,12487.5,True,True,True,True,True,True,False,1772653807,755405.675941
0x8c29453215cafc154cc94803eadafaf91befafad,0x2f33c9dfc3026ab540eaed4f4212bfb4693013ff6b98639e644c74523dc74feb,0.9500000000000001,5,22938.634183999988,22938.634183999988,1,1.0,98.2837528604119,BUY,0.9848484848484849,1,17718.70478400001,True,True,True,True,True,True,False,1774054745,834190.075484
0xef27152015c5313daf457804e7319e869ed3381b,0x2f33c9dfc3026ab540eaed4f4212bfb4693013ff6b98639e644c74523dc74feb,0.9500000000000001,5,24984.981125,24984.981125,1,1.0,98.39816933638444,BUY,0.8571428571428571,1,3666.1111089999995,True,True,True,True,True,True,False,1774054745,834190.075484
0x0a9f4e6acd5573d9ab4493ef8bd5f27542fa1be8,0xbfa45527ec959aacc36f7c312bd4f328171a7681ef1aeb3a7e34db5fb47d3f1d,0.9500000000000001,5,50000.0,50000.0,1,1.0,95.07545671167593,BUY,1.0,0,49900.0,True,True,True,True,True,True,False,1767747663,11034069.967475
0x25bd2b12e86f2ad566632c3a298d950ff25d4baf,0x18cfedf618e082c8907c773bb1024502a79f2b2a06b1b8458554626b76cbccb6,0.9500000000000001,5,19980.0,19980.0,1,1.0,97.83427495291902,BUY,1.0,1,19980.0,True,True,True,True,True,True,False,1769992582,783401.527682
0xdfafd14f51d8f163a2df19144275233dc598aeb4,0x7d53d12e1771ecfe5bd8c7685e097dcdaabeaa3e84f3002792d64e59237f33c3,0.9500000000000001,5,21491.541999999998,21491.541999999998,1,1.0,99.78213507625271,BUY,0.9836065573770492,1,18988.705660000007,True,True,True,True,True,True,False,1772255777,117265.597258
0x65e3b4179f3d9b3e7372cf063f1a07c6197376bd,0x2b5af4a5a0ccabd73488b24bf185366a4991503a9ef823341d45bcf784291d01,0.9500000000000001,5,13600.0,13600.0,1,1.0,97.67772511848342,BUY,1.0,1,2800.0,True,True,True,True,True,True,False,1769835122,667614.894959
0x4f6a5fd36018a812c1fb01e858064faab72304eb,0x459d9f12c1f50ac6ca7ac5c2754c3be37ce090a16bbf5697d571889c29512ef2,0.9500000000000001,5,24022.922803,28672.079642999997,6,0.8378507280292435,98.84297520661157,BUY,0.9285714285714286,1,6218.731235,True,True,True,True,True,True,False,1768179026,1190847.870048
0x11fa21ba287b1a695aca2489e0670a23d41fb67c,0xc9cc4d1c87953038066caff9a9e2fd6c1e21faf8f1e7927ad5b331de62e63ba8,0.9500000000000001,5,19919.061,19919.061,1,1.0,98.65168539325843,BUY,1.0,0,19919.061,True,True,True,True,True,True,False,1772653807,755405.675941
0xf70f2ba870efc32d07b366c2d685804dfa683c97,0x2f33c9dfc3026ab540eaed4f4212bfb4693013ff6b98639e644c74523dc74feb,0.9500000000000001,5,19632.555133,19632.555133,1,1.0,97.82608695652173,BUY,0.8333333333333334,1,3383.7877609999996,True,True,True,True,True,True,False,1774054745,834190.075484
0x1295269296e51cd28a3db85fa6728c0e352b5cfd,0x2758b209d0ce348873b100c1205c2e3c2449222f211e4e9857e29e3071a65fad,0.9500000000000001,5,10123.531398,10123.531398,1,1.0,92.58720930232558,BUY,1.0,0,9876.466398,True,True,True,True,True,True,False,1730883642,398005.11915
0x4813a38feedb8f41973b6d7ec85e3671e752ae12,0xda76adec7747614a403a111d4a73f4550b313344f46c4387b74bffb2985d3066,0.9500000000000001,5,10666.552467000001,10666.552467000001,1,1.0,97.96782387806944,BUY,1.0,1,10666.552467000001,True,True,True,True,True,True,False,1767317177,1059061.961591
0xe8d78397160e13edc306a63b1d88c9c1f3dd1252,0x40474351e14321eacdbe4f102638f69787d352f841e35ebaa17b85d166ca713a,0.9500000000000001,5,45554.379143,45554.379143,1,1.0,99.34640522875817,BUY,0.8823529411764706,0,14151.242559,True,True,True,True,True,True,False,1772288771,69235.578653
0xb6bf9ee0da6897d2bbee101df45a2244255fec1a,0xcae027e07ed77cc4ff8ea0e723ef591a27e0e7a56a488deff927577049c96cbc,0.9500000000000001,5,11008.430580000002,11008.430580000002,1,1.0,97.41100323624595,BUY,0.9166666666666666,0,9330.0306,True,True,True,True,True,True,False,1769275538,60961.781736
0x641cf2a17aae7b088271a74ee6cd9557d2473d21,0x18cfedf618e082c8907c773bb1024502a79f2b2a06b1b8458554626b76cbccb6,0.9500000000000001,5,50570.0,50570.0,1,1.0,99.05838041431262,BUY,1.0,1,50468.86,True,True,True,True,True,True,False,1769992582,783401.527682
0x5f7d7bb49a2819f0e05ddd0ab0a9656a9d04197c,0x2421d5c46ce736ad659fa50f7e28bedd082895be565b3c4113f192b7fee88819,0.9500000000000001,5,14679.297451000002,14679.297451000002,1,1.0,98.85714285714286,BUY,1.0,1,14679.297451000002,True,True,True,True,True,True,False,1719015075,55487.260547
0x09af4fa45eff006e02c0b81aa5e230d7ffebd337,0x2421d5c46ce736ad659fa50f7e28bedd082895be565b3c4113f192b7fee88819,0.9500000000000001,5,12064.380000000001,12064.380000000001,1,1.0,98.28571428571429,BUY,1.0,1,1689.0131999999999,True,True,True,True,True,True,False,1719015075,55487.260547
0x304cebc45c2e396ff66b4fb8f1a1fbae973cb486,0xb735bcbfe9b1758113568fd6fcc53f4b4928d22ef05b235b0f78ca121484d357,0.9500000000000001,5,17982.0,17982.0,1,1.0,97.32441471571906,BUY,1.0,0,17982.0,True,True,True,True,True,True,False,1767339287,311299.440362
0xab44908596030eb6c70b93fcc9373d94272ad88e,0x2b5af4a5a0ccabd73488b24bf185366a4991503a9ef823341d45bcf784291d01,0.9500000000000001,5,41328.326833000014,41328.326833000014,1,1.0,98.72037914691944,BUY,0.803921568627451,1,20492.535941000002,True,True,True,True,True,True,False,1769835122,667614.894959
0xaf1c068abca54e6b43a5084133b149ca022ff5f6,0x1d403655845ce71dd5065ad7f71e4f7110e44eef7ce153b7e95c2b94351b95d9,0.9500000000000001,5,13250.227072999998,13250.227072999998,1,1.0,99.02912621359224,BUY,0.8461538461538461,1,4250.042993,True,True,True,True,True,True,False,1756256579,61297.42799
0x85d2381734c76882870d83abeadc511fb7cdcc46,0x459d9f12c1f50ac6ca7ac5c2754c3be37ce090a16bbf5697d571889c29512ef2,0.9500000000000001,5,12990.661631,12990.661631,1,1.0,97.7961432506887,BUY,0.8333333333333334,1,3056.306627,True,True,True,True,True,True,False,1768179026,1190847.870048
0xe644ec2adf3a99e872851cb03bfb8de1ca781dff,0x050790e51a753c3e1c0002351afd0e08d65302ed24be37d6161d65e3a8bd4aba,0.9500000000000001,5,10880.163279999999,10880.163279999999,1,1.0,92.06349206349206,BUY,0.9,1,6278.418,True,True,True,True,True,True,False,1763583289,55541.681259
0xe6535d86446728d567f4929557c2c4eb3cdbc4a7,0x008af4e889a49d8d0e20d79993b0419f79e7d802be2cbfd8ccc53c7bf718922c,0.9500000000000001,5,21599.996914,21599.996914,1,1.0,97.67441860465115,BUY,1.0,1,21599.996914,True,True,True,True,True,True,False,1745383664,912840.4437
0xd9a0cdd2f18d42f7cf0540d38036c597925288ee,0x008af4e889a49d8d0e20d79993b0419f79e7d802be2cbfd8ccc53c7bf718922c,0.9500000000000001,5,39905.649853,44716.4288,2,0.8924158508158863,98.6046511627907,BUY,0.972972972972973,1,21678.427005000005,True,True,True,True,True,True,False,1745383664,912840.4437
0x570ff2752bf80ffdf6a251a2114e08fd95de58c6,0x3fcce34e0798f68de7e20b17cc4599a03903c7fbe79a1ab9813afd7268a90007,0.9500000000000001,5,36430.0,36433.4742,2,0.9999046426376764,100.0,BUY,1.0,0,36357.14,True,True,True,True,True,True,False,1768867048,69292.157371
0x9412d131e0916542be4ea94ef1a9b23ed72eb9eb,0x0635f05f9862c57d028ed16edb2825476cc181954a22e0a92ae60500b641d2ac,0.9500000000000001,5,16981.881667999998,16981.881667999998,1,1.0,98.3177570093458,BUY,0.9487179487179487,1,13155.661671999998,True,True,True,True,True,True,False,1775014637,69731.210357
0x0d1d2ecc36017fc48ddde325bbeb0394a53aeb2e,0x2b5af4a5a0ccabd73488b24bf185366a4991503a9ef823341d45bcf784291d01,0.9500000000000001,5,11881.763799000002,11881.763799000002,1,1.0,97.34597156398104,BUY,1.0,1,9092.848250999996,True,True,True,True,True,True,False,1769835122,667614.894959
0x2aa22a2d9379e9adb7cb0d1d760763f697ab4d22,0x008af4e889a49d8d0e20d79993b0419f79e7d802be2cbfd8ccc53c7bf718922c,0.9500000000000001,5,16296.99927,16296.99927,1,1.0,97.11627906976744,BUY,0.8888888888888888,1,3859.48923,True,True,True,True,True,True,False,1745383664,912840.4437
0xd34d2111bbc4c579e3e4dbec7bc550d369dacdb4,0x0a875cad6cd91ff8786a612d5f791fa98cb4d55015157a91b8459027e9c51708,0.9500000000000001,5,22068.132200000004,22068.132200000004,1,1.0,96.84210526315789,BUY,0.8536585365853658,1,11985.3027,True,True,True,True,True,True,False,1759620780,612243.693147
0x7671deab19823bf122b81e1060c553b4c33e7244,0x40474351e14321eacdbe4f102638f69787d352f841e35ebaa17b85d166ca713a,0.9500000000000001,5,76632.13081999999,76632.13081999999,1,1.0,99.67320261437908,BUY,0.8333333333333334,0,21821.999766000004,True,True,True,True,True,True,False,1772288771,69235.578653
0xc7527187cc341523b088307da19ee0602b98929d,0x2758b209d0ce348873b100c1205c2e3c2449222f211e4e9857e29e3071a65fad,0.9500000000000001,5,10638.297865999999,10638.297865999999,1,1.0,92.95058139534885,BUY,1.0,0,9361.702122,True,True,True,True,True,True,False,1730883642,398005.11915
0x1bdd0465aeb11a771950c8d44c71b60f600d23dc,0x40474351e14321eacdbe4f102638f69787d352f841e35ebaa17b85d166ca713a,0.9500000000000001,5,15000.0,15000.0,1,1.0,98.5838779956427,BUY,1.0,0,7500.0,True,True,True,True,True,True,False,1772288771,69235.578653
0x282fbe06d6ffc7546f63a1842bbe22a41a022afb,0x2f33c9dfc3026ab540eaed4f4212bfb4693013ff6b98639e644c74523dc74feb,0.9500000000000001,5,55389.369083,55389.369083,1,1.0,99.54233409610984,BUY,0.8450704225352113,1,11381.057517000007,True,True,True,True,True,True,False,1774054745,834190.075484
0xe8959897bbf64dbbd6112d5944a6e498bb60c3da,0x0a875cad6cd91ff8786a612d5f791fa98cb4d55015157a91b8459027e9c51708,0.9500000000000001,5,10509.0,10509.0,1,1.0,95.93984962406014,BUY,1.0,1,4407.0,True,True,True,True,True,True,False,1759620780,612243.693147
0xac75b6e590720a394364f2a1580b68a2fbe51319,0xced2010bea8ce0af4c7ed6db580c85adc7cccb82f6f1099c9f28fdf4182614e9,0.9500000000000001,5,14806.315408,14806.315408,1,1.0,99.6124031007752,BUY,1.0,0,14511.315407999999,True,True,True,True,True,True,False,1771032903,57596.534656
0x88b9f63b319064a8ce5aa316e5fa51c575830fc9,0xced2010bea8ce0af4c7ed6db580c85adc7cccb82f6f1099c9f28fdf4182614e9,0.9500000000000001,5,12944.274649000003,12944.274649000003,1,1.0,99.2248062015504,BUY,0.9736842105263158,0,11695.664249000001,True,True,True,True,True,True,False,1771032903,57596.534656
0x528635df9791d3dcebf9b82ad4b83e8570440d47,0xced2010bea8ce0af4c7ed6db580c85adc7cccb82f6f1099c9f28fdf4182614e9,0.9500000000000001,5,11058.683477000002,11058.683477000002,1,1.0,98.83720930232558,BUY,1.0,0,1057.8234789999995,True,True,True,True,True,True,False,1771032903,57596.534656
